0,,,,,,,"",
1,1,Tim,Irvin,DB,5'9",190,"Miami, FL",4
2,2,Rico,Owens,RB,5'10",213,"Greenwood, Miss.",3
3,3,Rodrick,"RJ",DB,6'0",185,"Hollandale, Miss",3
4,4,Tim,Hall,CB,6'0",185,"St. Louis, MO",3
5,5,Deion,Dampier,RB,5'10",212,"Pinola, Miss.",3
6,6,Junior,Faulk,DB,6'1",200,"Jayess, Miss.",3
7,7,Patrick,Shegog,QB,5'11",185,"Batesville, Miss.",2
8,8,Dayreke,Snow,DB,6'1",195,"Newton, Miss.",3
9,9,Breck,Ruddick,QB,6'4",210,"Marion, Ark.",4
10,10,De'Marcus,Johnson,WR,6'3",214,"Port Gibson, Miss",3
11,11,KJ,Breland,WR,6'1",170,"Wiggins, Miss.",3
12,12,Corintheus,Edmonds,WR,6'2",195,"Hampton, GA",2
13,13,Chris,Pickett,DB,6'0",175,"Ft. Walton Beach, FL",3
14,14,L.J.,Hawkins,WR,6'1",195,"Water Valley, Miss.",3
15,15,Marvin,Terry,LB,6'2",220,"Dallas, TX",3
16,16,Jalen,Browder,WR,6'2",190,"Dallas, GA",3
17,17,Leon,Green,WR,6'3",200,"Renova, Miss.",4
18,18,Tyler,Underwood,QB,6'2",210,"Theodore, AL",1
19,19,Quan,Dampeer,QB,6'1",209,"Mendenhall, Miss.",3
20,20,Ty,Woods,DB,5'10",175,"Birmingham, AL",2
21,21,Jakobe,Richards,DB,6'1",200,"Cleveland, Miss.",3
22,22,Sam,Barge,P/K,5'6",190,"Carrollton, GA",2
23,23,Jakwon,Lipscomb,DB,5'11",178,"Riverdale, GA",2
24,24,Trey,Roberson,RB,5'11",180,"Mobile, AL",3
25,25,Joseph,Stone,DB,5'7",175,"Holly Springs, Miss.",3
26,26,Ty,Goldsmith,DB,5'10",175,"Hoover, AL",1
27,27,Shannon,Carter,DB,5'10",175,"Fairburn, GA",2
28,28,Kelon,Wilson,RB,6'0",205,"Sachse, TX",3
29,29,B.J.,Sisco,DB,5'10",170,"Olive Branch, Miss.",2
30,30,Vada,King,LB,6'1",225,"Smiths Station, AL",4
31,31,Robbie,Evans,RB,5'8",190,"Boynton Beach, FL",1
32,32,Ryan,Hudkins,LB,5'11",225,"Murrieta, Calif.",4
33,33,Dante,Williams,LB,6'2",244,"Bossier City, La.",3
34,34,Jamarcus,Ellison,RB,5'9",185,"Birmingham, AL",2
35,35,Joseph,Minniefield,LB,6'2",235,"Indianola, Miss.",3
36,36,John,Valesco,LB,6'2",235,"Miami, FL",3
37,37,Zane,Samuel,DE,6'3",220,"Tuscaloosa, AL",3
38,38,Adrian,Hill,LB,6'0",190,"Hoover, AL",1
39,39,Joseph,Nuttall,,DB,6'0",200,"Jackson, Miss.",4
40,40,Shomar,Michael,LB,5'10",192,"Memphis, Tenn.",1
41,41,Dominique,Killens,LB,6'2",207,"Jacksonville, FL",1
42,42,Chris,Sehring,LB,6'3",215,"Baton Rouge, La.",1
43,43,Hunter,James,LS,5'10",180,"Waynesboro, Miss.",4
44,44,Emanuel,Barber,LB,6'4",235,"Chicago, IL",3
45,45,Cayden,Reynolds,K,5'11",183,"Alexandria, La.",1
46,46,Dustin,Dye,LS,5'9",215,"Olive Branch, Miss.",4
47,47,Tim,Williams,DL,6'4",245,"Greenville, Miss.",2
48,48,Raheem,Moore,TE,6'2",235,"Vicksburg, Miss.",2
49,49,Eric,Sadler,DE,6'3",250,"Oklahoma City, Okla.",4
50,50,Kaleb,Robinson,OL,6'3",280,"Lexington, Miss.",1
51,51,Tahj,Perry,DL,6'0",275,"College Park, GA",2
52,52,Davontre,Henderson,LB,6'0",215,"Grand Prairie, TX",2
53,53,Marouf,Hamade,OL,6'3",305,"Detroit, MI",3
54,54,Drew,Swatzell,LB,5'9",200,"Huntsville, AL",1
55,55,Jaylon,Guy,DL,6'3",260,"Memphis, Tenn.",3
56,56,Stanley,Talley,DL,6'1",254,"Montgomery, AL",2
57,57,Keenan,Davis,OL,6'3",270,"Horn Lake, Miss.",3
58,58,Zarrian,Billings,LB,6'1",220,"Florence, AL",2
59,59,Hunter,Williams,LB,6'0",220,"Vancleave, Miss.",1
60,,,,,,,"",
61,,,,,,,"",
62,62,Keshawn,Jennings,OL,6'1",282,"Marietta, Ga",1
63,63,Grant,Short,OL,6'3",290,"Senatobia, Miss.",4
64,,,,,,,"",
65,,,,,,,"",
66,,,,,,,"",
67,67,Bryce,Jones,OL,6'2",288,"Atlanta, GA",1
68,68,Sheridan,Pratcher,OL,6'4",285,"Memphis, Tenn.",1
69,,,,,,,"",
70,,,,,,,"",
71,71,Damon,Moore,OL,6'5",285,"Birmingham, AL",2
72,72,John,McNamara,OL,6'10",385,"St. Louis, MO",4
73,73,Nicolas,Melsop,OL,6'7",305,"Columbus, OH",2
74,,,,,,,"",
75,75,Braxton,Hayles,OL,6'2",310,"Hazelhurst, Miss.",3
76,76,Jacob,Gragg,OL,6'3",300,"Tuscaloosa, AL",3
77,,,,,,,"",
78,78,Innis,Claud,OL,6'0",290,"Albany, GA",3
79,79,Tristan,Moseley,OL,6'4",310,"Cleveland, Miss.",3
80,80,Todd,Lee,WR,6'0",185,"Birmingham, AL",1
81,81,Oakley,Coleman,WR,6'4",180,"Mobile, AL",1
82,82,Jalen,Stuckey,WR,6'1",180,"Decatur, GA",1
83,83,Tony,Daggett,WR,5'8",165,"Augusta, GA",4
84,84,Brock,Thompson,TE,6'3",230,"Flora, Miss",3
85,85,Vincent,Wilkerson,WR,6'2",206,"Milwaukee, Wisc.",4
86,86,Taylor,Crabtree,K,5'8",165,"Pascagoula, Miss.",4
87,87,Jake,McDonald,TE,6'3",230,"New Albany, Miss.",4
88,88,Ty,Harris,TE,6'2",240,"Hattiesburg, Miss.",4
89,89,Cam,Shelton,WR,6'3",210,"Milton, FL",1
90,,,,,,,"",
91,,,,,,,"",
92,92,Khalil,Johnson,DL,6'4",290,"Oak Cliff, TX",4
93,,,,,,,"",
94,,,,,,,"",
95,,,,,,,"",
96,,,,,,,"",
97,,,,,,,"",
98,,,,,,,"",
99,99,Tylenn,Bridges,DL,6'1",290,"Hollandale, Miss.",1
Problem processing: 